mos_id,dms_id,c_lote_origen,c_lote_destino,f_movimiento
1467428,1,43122120156001,43223010001001,2023-01-03 21:30:00
1467430,1,43122120156001,43223010002001,2023-01-04 17:00:00
1467432,1,43122100066001,43123010001001,2023-01-03 12:00:00
1467434,1,43122100066001,43123010002001,2023-01-03 13:00:00
1467436,1,43122100066001,43123010003001,2023-01-03 17:00:00
1467438,1,30022110030001,43123010004001,2023-01-03 17:40:00
1467468,1,44022100029001,43120030144001,2023-01-03 14:00:00
1467471,1,31122050004001,43123010007001,2023-01-04 04:02:00
1467476,1,43121040312001,46222120005001,2023-01-04 10:00:00
1467477,1,43121040312001,30020050006001,2023-01-04 10:30:00
1467495,1,43122050183001,44622120022001,2023-01-06 03:30:00
1467495,1,44622120011001,44622120022001,2023-01-06 03:30:00
1467496,1,44622120022001,30023010001001,2023-01-06 03:40:00
1467498,1,43222120019001,43223010003001,2023-01-05 13:00:00
1467500,1,44022120013001,43223010001001,2023-01-05 17:00:00
1467500,1,30022120016001,43223010001001,2023-01-05 17:00:00
1467502,1,44622120011001,43123010011001,2023-01-06 07:00:00
1467504,1,44622120011001,43123010012001,2023-01-06 07:01:00
1467506,1,46222120001001,43323010002001,2023-01-06 04:00:00
1467507,1,31122110001001,43322120032001,2023-01-06 04:10:00
1467509,1,44622120011001,43123010014001,2023-01-06 07:05:00
1467511,1,44622120011001,43123010014001,2023-01-06 07:10:00
1467517,1,31122110001001,43323010004001,2023-01-06 04:00:00
1467519,1,30022120019001,44622100037001,2023-01-06 03:30:00
1467520,1,30022120019001,30022120018001,2023-01-06 04:00:00
1467522,1,43222120041001,43223010004001,2023-01-06 17:00:00
1467525,1,44022120013001,43223010001001,2023-01-06 18:00:00
1467525,1,30022120016001,43223010001001,2023-01-06 18:00:00
1467540,1,43222120041001,43223010005001,2023-01-06 03:00:00
1467541,1,43222120041001,30020050006001,2023-01-06 19:00:00
1467549,1,44622110010001,30022100046001,2023-01-06 12:30:00
1467551,1,30022120037001,43123010027001,2023-01-06 22:00:00
1467551,1,30022120041001,43123010027001,2023-01-06 22:00:00
1467553,1,43322120032001,30020050059001,2023-01-06 23:00:00
1467571,1,46222120001001,43323010005001,2023-01-09 04:00:00
1467572,1,31122110001001,43323010006001,2023-01-09 04:20:00
1467577,1,31122110001001,43323010007001,2023-01-09 08:00:00
1467579,1,44622120011001,43123010011001,2023-01-09 19:30:00
1467584,1,43122050183001,43523010006001,2023-01-09 22:00:00
1467584,1,31122100001001,43523010006001,2023-01-09 22:00:00
1467586,1,43122050183001,43523010007001,2023-01-10 01:00:00
1467586,1,31122100001001,43523010007001,2023-01-10 01:00:00
1467593,1,30021040041001,30022020025001,2023-01-10 02:21:00
1467595,1,43222120042001,43223010008001,2023-01-10 18:00:00
1467601,1,44023010001001,44023010002001,2023-01-10 13:30:00
1467603,1,43322120019001,43323010008001,2023-01-11 13:30:00
1467620,1,43523010006001,43223010009001,2023-01-11 20:30:00
1467622,1,43523010007001,43223010010001,2023-01-11 16:00:00
1467629,1,31122110001001,43323010009001,2023-01-11 16:00:00
1467634,1,44622120011001,30023010001001,2023-01-11 11:10:00
1467636,1,44022100029001,44020080010001,2023-01-11 16:00:00
1467643,1,43122050183001,43523010011001,2023-01-12 02:40:00
1467643,1,31122100001001,43523010011001,2023-01-12 02:40:00
1467645,1,43122050183001,43523010012001,2023-01-11 23:10:00
1467645,1,31122100001001,43523010012001,2023-01-11 23:10:00
1467649,1,43322040044001,43223010013001,2023-01-12 02:00:00
1467650,1,43223010013001,43223010014001,2023-01-12 20:00:00
1467652,1,43223010005001,43123010038001,2023-01-12 16:00:00
1467652,1,43223010004001,43123010038001,2023-01-12 16:00:00
1467656,1,43523010011001,43223010015001,2023-01-12 15:45:00
1467658,1,43523010012001,43223010016001,2023-01-12 21:45:00
1467668,1,43323010006001,30020050006001,2023-01-13 12:40:00
1467668,1,31122110001001,30020050006001,2023-01-13 12:40:00
1467672,1,31122100001001,43123010041001,2023-01-13 10:15:00
1467713,1,43122090056001,43123010043001,2023-01-05 14:30:00
1467713,1,43122120074001,43123010043001,2023-01-05 14:30:00
1467713,1,46222120002001,43123010043001,2023-01-05 14:30:00
1467713,1,43122110250001,43123010043001,2023-01-05 14:30:00
1467713,1,43122110041001,43123010043001,2023-01-05 14:30:00
1467713,1,43322110048001,43123010043001,2023-01-05 14:30:00
1467713,1,30022110030001,43123010043001,2023-01-05 14:30:00
1467714,1,43322110048001,43123010044001,2023-01-05 14:30:00
1467714,1,43122120074001,43123010044001,2023-01-05 14:30:00
1467714,1,43122110250001,43123010044001,2023-01-05 14:30:00
1467714,1,30022110030001,43123010044001,2023-01-05 14:30:00
1467714,1,43122110041001,43123010044001,2023-01-05 14:30:00
1467714,1,46222120002001,43123010044001,2023-01-05 14:30:00
1467714,1,43122090056001,43123010044001,2023-01-05 14:30:00
1467715,1,30022110030001,43123010045001,2023-01-05 14:30:00
1467715,1,43122110250001,43123010045001,2023-01-05 14:30:00
1467715,1,43122090056001,43123010045001,2023-01-05 14:30:00
1467715,1,43122120074001,43123010045001,2023-01-05 14:30:00
1467715,1,43122110041001,43123010045001,2023-01-05 14:30:00
1467715,1,43322110048001,43123010045001,2023-01-05 14:30:00
1467715,1,46222120002001,43123010045001,2023-01-05 14:30:00
1467716,1,30022110030001,46022050014001,2023-01-05 14:35:00
1467718,1,43122120153001,43323010010001,2023-01-05 15:30:00
1467720,1,43123010001001,43223010018001,2023-01-05 02:20:00
1467721,1,43123010001001,46022120014001,2023-01-05 02:25:00
1467723,1,43123010002001,43223010019001,2023-01-05 05:30:00
1467724,1,43123010002001,46022120014001,2023-01-05 05:35:00
1467726,1,43123010003001,43223010020001,2023-01-05 16:45:00
1467727,1,43123010003001,46022120014001,2023-01-05 16:50:00
1467730,1,43122100066001,43123010046001,2023-01-04 12:00:00
1467740,1,43122090056001,43123010048001,2023-01-05 12:35:00
1467775,1,43322120030001,43222120001001,2023-01-04 15:00:00
1467786,1,31122100001001,28200001373001,2023-01-13 17:05:00
1467788,1,44622120011001,43123010014001,2023-01-13 13:10:00
1467795,1,43122050183001,30022120018001,2023-01-13 17:30:00
1467797,1,44023010004001,43523010022001,2023-01-16 14:00:00
1467797,1,31122100001001,43523010022001,2023-01-16 14:00:00
1467810,1,30022120030001,30023010002001,2023-01-06 15:00:00
1467826,1,30023010002001,43122110251001,2023-01-07 02:00:00
1467827,1,43222120001001,43122100066001,2023-01-07 02:00:00
1467828,1,30023010002001,46022120014001,2023-01-07 02:10:00
1467828,1,30022120030001,46022120014001,2023-01-07 02:10:00
1467833,1,31122050002001,43122100066001,2023-01-05 16:25:00
1467849,1,43523010022001,43123010059001,2023-01-16 23:30:00
1467868,1,30023010001001,43123010063001,2023-01-17 21:30:00
1467916,1,43222120029001,43322100060001,2023-01-09 22:15:00
1467917,1,43322120035001,43123010045001,2023-01-09 22:15:00
1467921,1,43322120026001,46022120014001,2023-01-10 13:00:00
1467927,1,30022080104001,43123010006001,2023-01-03 19:00:00
1467949,1,30022080121001,43122110155001,2023-01-12 16:10:00
1467964,1,30022100056001,30023010006001,2023-01-13 14:00:00
1467968,1,43323010010001,43122090218001,2023-01-13 13:30:00
1467970,1,43222110021001,43123010084001,2023-01-11 13:00:00
1467970,1,43122120139001,43123010084001,2023-01-11 13:00:00
1467974,1,43122120139001,46022050014001,2023-01-12 12:05:00
1467980,1,30022080109001,43123010086001,2023-01-13 12:30:00
1467982,1,30022080109001,43123010045001,2023-01-13 15:00:00
1468003,1,43322120037001,43122090218001,2023-01-14 03:00:00
1468004,1,30023010006001,30022100028001,2023-01-14 03:00:00
1468005,1,43322090046001,46022050014001,2023-01-14 03:00:00
1468014,1,43122090044001,43323010012001,2023-01-16 16:35:00
1468028,1,43323010012001,30023010007001,2023-01-16 18:00:00
1468030,1,43122090219001,43123010096001,2023-01-17 12:05:00
1468030,1,43122090218001,43123010096001,2023-01-17 12:05:00
1468032,1,43122090218001,43122090219001,2023-01-17 15:00:00
1468044,1,43121050121001,43323010014001,2023-01-19 11:00:00
1468044,1,43122040134001,43323010014001,2023-01-19 11:00:00
1468047,1,43123010086001,43323010015001,2023-01-16 14:25:00
1468057,1,43223010018001,43122100064001,2023-01-17 00:40:00
1468058,1,43322090083001,43322120001001,2023-01-17 00:40:00
1468068,1,43123010059001,43223010032001,2023-01-17 22:00:00
1468074,1,44622110010001,44622120011001,2023-01-17 14:30:00
1468086,1,44022100027001,43123010106001,2023-01-19 02:10:00
1468086,1,44623010006001,43123010106001,2023-01-19 02:10:00
1468086,1,44622120011001,43123010106001,2023-01-19 02:10:00
1468090,1,30023010001001,30023010004001,2023-01-18 23:00:00
1468131,1,31122050004001,43323010017001,2023-01-18 09:00:00
1468133,1,43222110021001,43122100066001,2023-01-19 14:10:00
1468137,1,43122100066001,43223010033001,2023-01-21 10:40:00
1468139,1,44023010010001,43123010046001,2023-01-19 18:00:00
1468144,1,30022090021001,43122120030001,2023-01-23 15:00:00
1468154,1,43123010004001,43122120030001,2023-01-23 16:40:00
1468155,1,43223010020001,43122100064001,2023-01-21 14:30:00
1468155,1,43223010019001,43122100064001,2023-01-21 14:30:00
1468159,1,44022080015001,43123010118001,2023-01-23 12:00:00
1468159,1,43222120008001,43123010118001,2023-01-23 12:00:00
1468189,1,43122110127001,43323010018001,2023-01-24 12:00:00
1468189,1,30022080210001,43323010018001,2023-01-24 12:00:00
1468189,1,30022080223001,43323010018001,2023-01-24 12:00:00
1468190,1,30022080210001,43323010019001,2023-01-24 12:00:00
1468222,1,43123010046001,43323010020001,2023-01-21 16:00:00
1468239,1,43123010096001,43323010023001,2023-01-21 12:30:00
1468273,1,43323010018001,43223010034001,2023-01-26 02:00:00
1468274,1,43323010018001,30020050060001,2023-01-26 02:05:00
1468276,1,43322100034001,43123010134001,2023-01-26 14:10:00
1468277,1,43322100034001,30020050060001,2023-01-26 14:15:00
1468305,1,44622120011001,43123010106001,2023-01-19 21:15:00
1468312,1,44622110010001,43123010063001,2023-01-20 18:00:00
1468322,1,44623010007001,44623010006001,2023-01-20 00:00:00
1468333,1,44023010013001,44023010010001,2023-01-20 22:00:00
1468338,1,44023010013001,43123010142001,2023-01-20 23:00:00
1468364,1,44023010013001,43523010037001,2023-01-23 21:00:00
1468419,1,44622120011001,43123010151001,2023-01-26 23:05:00
1468425,1,28200001389001,43123010157001,2023-01-26 04:00:00
1468425,1,44622120011001,43123010157001,2023-01-26 04:00:00
1468434,1,44622120011001,43123010151001,2023-01-26 23:07:00
1468443,1,44023010010001,44023010015001,2023-01-26 23:10:00
1468447,1,43223010033001,30023010009001,2023-01-27 10:00:00
1468457,1,43322120030001,30023010010001,2023-01-27 16:00:00
1468474,1,30023010010001,43122100064001,2023-01-27 19:10:00
1468475,1,30023010010001,46022120014001,2023-01-27 19:15:00
1468477,1,43223010001001,43223010047001,2023-01-31 17:00:00
1468480,1,43323010023001,43122090218001,2023-01-30 20:55:00
1468485,1,28200001389001,30022080080001,2023-01-31 09:00:00
1468494,1,44023010015001,43123010142001,2023-01-27 08:00:00
1468522,1,44023010015001,44023010019001,2023-01-31 09:50:00
1468566,1,30023010007001,46022120014001,2023-01-23 16:00:00
1468568,1,43123010038001,43223010008001,2023-01-30 16:00:00
1468569,1,43123010038001,46222120005001,2023-01-30 16:00:00
1468572,1,43122090044001,43122090033001,2023-01-31 09:00:00
1468572,1,43122040134001,43122090033001,2023-01-31 09:00:00
1468573,1,43122040134001,43122090034001,2023-01-31 09:00:00
1468574,1,43122040134001,43122110059001,2023-01-31 09:00:00
1468575,1,43122040134001,43122040133001,2023-01-31 09:00:00
1468576,1,43122040134001,43122110058001,2023-01-31 09:00:00
1468592,1,43323010019001,46023010020001,2023-01-31 09:00:00
1468593,1,43323010019001,46023010021001,2023-01-31 09:00:00
1468612,1,43222120020001,46022120014001,2023-01-30 17:00:00
1468620,1,43323010014001,30020050060001,2023-02-01 14:00:00
1468629,1,30022080080001,43223020002001,2023-02-04 03:00:00
1468630,1,30022080080001,46023010020001,2023-02-04 03:05:00
1468661,1,43122090218001,30022100028001,2023-02-02 11:00:00
1468685,1,43323010015001,43122120030001,2023-02-06 18:30:00
1468714,1,44023010019001,43122100104001,2023-02-10 09:00:00
1468715,1,43122100104001,43223020003001,2023-02-11 14:20:00
1468716,1,43122100104001,30020050060001,2023-02-11 14:25:00
1468718,1,13022080215001,43323020004001,2023-02-07 10:30:00
1468718,1,13022080216001,43323020004001,2023-02-07 10:30:00
1468718,1,13022080216002,43323020004001,2023-02-07 10:30:00
1468718,1,13022080213001,43323020004001,2023-02-07 10:30:00
1468718,1,13022080213002,43323020004001,2023-02-07 10:30:00
1468718,1,13022080214001,43323020004001,2023-02-07 10:30:00
1468747,1,43323020004001,43123020022001,2023-02-09 12:30:00
1468747,1,43122090218001,43123020022001,2023-02-09 12:30:00
1468748,1,43323020004001,43123020023001,2023-02-09 12:30:00
1468748,1,43122090218001,43123020023001,2023-02-09 12:30:00
1468749,1,43323020004001,30020050060001,2023-02-09 12:35:00
1468749,1,43122090218001,30020050060001,2023-02-09 12:35:00
1468756,1,43323010020001,43122100064001,2023-02-10 16:15:00
1468792,1,43223010001001,30020050060001,2023-02-01 00:00:00
1468803,1,43222120020001,30020050060001,2023-02-13 14:05:00
1468833,1,43323010014001,43223020004001,2023-02-03 12:00:00
1468834,1,43323010014001,30020050060001,2023-02-03 12:05:00
1468843,1,44023010019001,43123010142001,2023-02-02 15:05:00
1468846,1,44023020001001,43123020031001,2023-02-02 16:40:00
1468848,1,44023010015001,30022120018001,2023-02-02 22:00:00
1468852,1,28200001389001,43123010171001,2023-02-03 17:20:00
1468858,1,44622120011001,43123020031001,2023-02-03 23:00:00
1468860,1,43223020004001,43223020005001,2023-02-03 17:30:00
1468860,1,43323010014001,43223020005001,2023-02-03 17:30:00
1468861,1,43223020004001,30020050060001,2023-02-03 17:45:00
1468861,1,43323010014001,30020050060001,2023-02-03 17:45:00
1468867,1,44022100029001,44023010010001,2023-02-07 10:50:00
1468868,1,44022100029001,44022060005001,2023-02-07 10:50:00
1468869,1,44022100029001,30020050060001,2023-02-07 10:55:00
1468911,1,43322120025001,30023020001001,2023-02-14 12:00:00
1468915,1,30023020001001,43123010134001,2023-02-14 18:35:00
1468931,1,30023020001001,30020050060001,2023-02-14 18:40:00
1468954,1,44622120011001,43123020031001,2023-02-10 10:00:00
1468956,1,44023020001001,43123020031001,2023-02-10 23:30:00
1468956,1,44622120011001,43123020031001,2023-02-10 23:30:00
1468972,1,44023010019001,43123020029001,2023-02-14 09:00:00
1469005,1,44023020005001,43123010142001,2023-02-13 12:15:00
1469009,1,44622120011001,30023020009001,2023-02-13 11:00:00
1469013,1,44023010019001,44023010010001,2023-02-14 09:01:00
1469035,1,44622120011001,44623010016001,2023-02-13 18:00:00
1469048,1,28200001389001,44022060005001,2023-02-14 00:05:00
1469061,1,44023020005001,43323020010001,2023-02-16 09:00:00
1469096,1,43323010014001,43223020005001,2023-02-03 19:00:00
1469097,1,43323010014001,30020050060001,2023-02-03 19:10:00
1469166,1,30022120016001,43223010002001,2023-02-16 16:25:00
1469178,1,43123020022001,43322100005001,2023-02-17 16:00:00
1469181,1,43222110021001,43123020090001,2023-02-20 18:35:00
1469183,1,43123020022001,43122090219001,2023-02-20 19:00:00
1469185,1,43222110021001,43223010002001,2023-02-17 17:20:00
1469186,1,43222090006001,43223010002001,2023-02-17 17:20:00
1469186,1,43222110021001,43223010002001,2023-02-17 17:20:00
1469186,1,43223010014001,43223010002001,2023-02-17 17:20:00
1469194,1,44023010010001,43120030144001,2023-02-20 14:40:00
1469222,1,30022120040001,30020050006001,2023-02-15 16:30:00
1469230,1,44022120007001,43123020099001,2023-02-16 14:00:00
1469230,1,44023020005001,43123020099001,2023-02-16 14:00:00
1469255,1,44023020001001,44023020011001,2023-02-16 22:00:00
1469268,1,44623010012001,43123020065001,2023-02-16 19:00:00
1469278,1,44023020005001,43123010142001,2023-02-17 12:30:00
1469289,1,43123020099001,43123010142001,2023-02-17 14:00:00
1469305,1,44623010006001,44023020010001,2023-02-17 20:00:00
1469307,1,44623010012001,44623010016001,2023-02-18 02:40:00
1469398,1,43222120020001,30023020011001,2023-02-20 16:30:00
1469402,1,30022080071001,43223020023001,2023-02-20 18:00:00
1469406,1,30022080071001,30020050006001,2023-02-20 18:30:00
1469433,1,43223010014001,43123020123001,2023-02-21 17:30:00
1469517,1,30022110010001,43123010044001,2023-02-23 22:30:00
1469567,1,44023020001001,44023020011001,2023-02-22 22:00:00
1469570,1,44022120025001,30022120015001,2023-02-22 05:00:00
1469571,1,30022120015001,30023020017001,2023-02-22 05:01:00
1469580,1,43223010014001,30021120046001,2023-02-22 18:00:00
1469580,1,43222070001001,30021120046001,2023-02-22 18:00:00
1469580,1,31122050002001,30021120046001,2023-02-22 18:00:00
1469583,1,31122050002001,43223020029001,2023-02-22 14:30:00
1469595,1,43223020029001,28200001371001,2023-02-22 20:03:00
1469600,1,30022110009001,30020050060001,2023-02-27 10:50:00
1469602,1,30023020011001,30023020018001,2023-02-27 15:00:00
1469608,1,43123020022001,30022080176001,2023-02-27 23:59:00
1469613,1,43223020002001,30022080081001,2023-02-28 02:00:00
1469618,1,31122050002001,43323020021001,2023-02-17 03:30:00
1469721,1,46222120005001,43122110176001,2023-02-28 11:55:00
1469742,1,30022120016001,28000001422001,2023-02-23 09:00:00
1469744,1,44023020016001,28000001422001,2023-02-23 17:30:00
1469753,1,43123010084001,30020050060001,2023-02-06 19:30:00
1469763,1,28100001427001,28100001420001,2023-02-20 14:30:01
1469774,1,28100001429003,28100001420001,2023-02-25 02:10:00
1469775,1,31122050002001,43323020023001,2023-02-22 06:00:00
1469793,1,31122050002001,43323020023001,2023-02-23 17:00:00
1469797,1,31122050002001,43323020023001,2023-02-23 23:00:00
1469799,1,44023020016001,43323020022001,2023-02-24 17:31:00
1469818,1,44623020015001,44623010016001,2023-02-24 00:15:00
1469820,1,44023020010001,43123020168001,2023-02-24 22:00:00
1469820,1,44022120025001,43123020168001,2023-02-24 22:00:00
1469866,1,44023020023001,44023020018001,2023-02-26 08:15:00
1469884,1,31122050002001,43323020023001,2023-02-27 10:30:00
1469909,1,44023020011001,30023020015001,2023-02-28 18:00:00
1469918,1,28000001430001,44523020025001,2023-02-28 23:00:01
1469922,1,30021040041001,43123010174001,2023-02-28 19:00:00
1469923,1,44023020011001,44023010002001,2023-02-28 23:00:00
1469924,1,44023020011001,43123020103001,2023-02-28 23:00:00
1469925,1,44023020011001,44023010002001,2023-02-28 23:10:00
1469926,1,46222120005001,30020050006001,2023-02-28 23:00:00
1469927,1,44022080026001,44023020005001,2023-02-28 23:00:00
1469928,1,44623020015001,30022120016001,2023-02-28 23:00:00
1469929,1,44623020015001,44623010016001,2023-02-28 23:05:00
1469930,1,44623020015001,43123020103001,2023-02-28 23:30:00
1469932,1,31122050002001,43323020023001,2023-02-28 03:00:00
1469944,1,43122110176001,43323020037001,2023-02-28 22:00:00
1469954,1,44023020018001,30023020025001,2023-02-28 23:50:00
1469968,1,43122090219001,43123030004001,2023-03-01 15:30:00
1469968,1,43123020022001,43123030004001,2023-03-01 15:30:00
1469992,1,44023020005001,44023030001001,2023-03-01 01:40:00
1470044,1,43122090219001,43123030019001,2023-03-03 13:40:00
1470044,1,43123020022001,43123030019001,2023-03-03 13:40:00
1470047,1,43123030019001,43323030004001,2023-03-06 11:00:00
1470118,1,30023020018001,43223020003001,2023-03-06 17:30:00
1470119,1,43322120001001,43123010044001,2023-03-06 17:30:00
1470120,1,30023020018001,30020100006001,2023-03-06 17:35:00
1470120,1,43322120001001,30020100006001,2023-03-06 17:35:00
1470147,1,43123010038001,43223010003001,2023-03-03 20:00:00
1470163,1,43122090219001,43123030041001,2023-03-07 13:00:00
1470163,1,43123020022001,43123030041001,2023-03-07 13:00:00
1470165,1,43123020022001,43122090219001,2023-03-07 23:50:00
1470187,1,28200001431001,43123020181001,2023-03-05 12:00:00
1470223,1,30023020025001,30023030006001,2023-03-05 15:00:00
1470224,1,44023020024001,30023030007001,2023-03-05 15:00:00
1470226,1,28000001433002,43123020181001,2023-03-05 15:00:00
1470228,1,28000001434001,28000001433001,2023-03-01 15:00:01
1470237,1,31122050002001,43323030007001,2023-03-05 16:00:00
1470243,1,31122050002001,43323030007001,2023-03-05 17:00:00
1470248,1,31122050002001,43323030007001,2023-03-05 17:30:00
1470251,1,31122050002001,43323030007001,2023-03-05 18:00:00
1470270,1,44023020012001,28000001437001,2023-03-05 21:30:00
1470272,1,30022080221001,43323030014001,2023-03-02 19:00:00
1470272,1,30022080229001,43323030014001,2023-03-02 19:00:00
1470292,1,43323020023001,43123030030001,2023-03-08 04:00:00
1470293,1,43323020023001,43123030031001,2023-03-08 04:00:00
1470335,1,43122020096001,43322120017001,2023-03-08 17:00:00
1470336,1,43122020096001,43322120017001,2023-03-08 17:00:00
1470338,1,43123020022001,43223020023001,2023-03-09 09:00:00
1470339,1,43123020022001,43223010034001,2023-03-09 09:00:00
1470340,1,43123020022001,30023020023001,2023-03-09 09:05:00
1470382,1,43122090034001,43323030015001,2023-03-09 20:00:00
1470407,1,31122050002001,43323030018001,2023-03-05 20:00:00
1470410,1,31122050002001,43323030018001,2023-03-05 21:00:00
1470436,1,31122050002001,43323030007001,2023-03-06 18:40:00
1470449,1,44023030001001,43123030041001,2023-03-08 16:20:00
1470463,1,43123030041001,43323030023001,2023-03-09 09:00:00
1470464,1,43123030041001,46023010020001,2023-03-09 09:05:00
1470472,1,43323020023001,43323020019001,2023-03-08 18:00:00
1470474,1,43323020023001,43123030004001,2023-03-09 20:00:00
1470485,1,43122100006001,30023030011001,2023-03-10 13:30:00
1470506,1,31122050002001,43323030007001,2023-03-08 08:00:00
1470525,1,44022080026001,44023030001001,2023-03-09 17:15:00
1470600,1,43323030014001,43223030007001,2023-03-15 18:30:00
1470624,1,43323030014001,43223020005001,2023-03-15 18:30:00
1470664,1,43323020023001,43122120077001,2023-03-14 20:00:00
1470707,1,44521030243003,43223010034001,2023-03-17 02:30:00
1470724,1,28200001441001,28200001431004,2023-03-12 00:01:00
1470741,1,43323020023001,43323020033001,2023-03-17 09:00:00
1470744,1,43323020023001,43123030026001,2023-03-17 20:10:00
1470753,1,31122050002001,43323030018001,2023-03-09 09:31:00
1470755,1,31122050002001,43323030018001,2023-03-09 09:32:00
1470759,1,31122050002001,43323030007001,2023-03-09 10:00:00
1470768,1,31122050002001,43323030007001,2023-03-10 07:00:00
1470771,1,31122050002001,43323030018001,2023-03-11 07:00:00
1470774,1,31122050002001,43323030018001,2023-03-11 15:00:00
1470855,1,44023020011001,44023020012001,2023-03-14 16:15:00
1470861,1,43323020023001,43323020033001,2023-03-18 20:00:00
1470965,1,28000001444001,28000001437001,2023-03-09 22:00:00
1470975,1,44023030001001,30023030021001,2023-03-09 17:50:00
1470992,1,28200001443002,28000001451001,2023-03-12 08:00:00
1470999,1,31122050002001,43323030056001,2023-03-15 06:00:00
1471005,1,44023020012001,44022110026001,2023-03-15 13:12:00
1471011,1,31122050002001,43323030058001,2023-03-16 07:00:00
1471014,1,28100001457001,28100001456002,2023-03-11 12:30:01
1471020,1,28100001459004,28200001455001,2023-03-12 10:00:00
1471021,1,28100001459004,28200001455003,2023-03-12 10:00:00
1471024,1,28100001459005,28100001458001,2023-03-12 13:00:00
1471025,1,28100001459006,46223030001001,2023-03-12 13:00:00
1471052,1,31122050002001,28000001445001,2023-03-12 10:05:00
1471122,1,31122050002001,43323030062001,2023-03-17 20:01:00
1471125,1,31122050002001,43323030063001,2023-03-17 10:00:00
1471158,1,31122050002001,43123030183001,2023-03-18 15:00:00
1471170,1,31122050002001,43323030062001,2023-03-18 06:00:00
1471171,1,31122050002001,43323030067001,2023-03-18 06:00:00
1471188,1,44623030007001,43123030182001,2023-03-18 23:05:00
1471372,1,28200001471001,28200001469001,2023-03-18 20:00:01
1471374,1,28100001472001,28100001467001,2023-03-17 13:00:01
1471503,1,43323030015001,43123030226001,2023-03-19 22:00:00
1471553,1,43122090034001,43123030138001,2023-03-09 13:45:00
1471554,1,43122090034001,30022080214001,2023-03-09 13:45:00
1471913,1,28100001459008,28200001455002,2023-03-13 14:30:00
1471920,1,28100001459008,46023030032001,2023-03-13 15:30:00
1470955,1,43323030023001,43223010034001,2023-03-21 22:00:00
1470959,1,43122090219001,43123030153001,2023-03-22 11:40:00
1470959,1,43123020023001,43123030153001,2023-03-22 11:40:00
1470961,1,43122090219001,43123030154001,2023-03-22 15:45:00
1470961,1,43123020023001,43123030154001,2023-03-22 15:45:00
1471236,1,31122050002001,43323030067001,2023-03-21 01:00:00
1471343,1,31122050002001,43323030062001,2023-03-21 21:00:00
1471345,1,31122050002001,43323030062001,2023-03-22 17:00:00
1471353,1,30023030006001,43123030200001,2023-03-23 15:20:00
1471353,1,30023030007001,43123030200001,2023-03-23 15:20:00
1471353,1,44023030008001,43123030200001,2023-03-23 15:20:00
1471443,1,30022120016001,43123030216001,2023-03-24 10:00:00
1471444,1,30022120016001,43123030217001,2023-03-24 10:00:00
1471445,1,30022120016001,43123030218001,2023-03-24 10:00:00
1471490,1,44623030007001,43123030220001,2023-03-24 20:00:00
1471490,1,31122050002001,43123030220001,2023-03-24 20:00:00
1471493,1,44023030031001,43123030223001,2023-03-25 23:30:00
1471494,1,43123030223001,43123030221001,2023-03-25 23:55:00
1471524,1,43123030154001,43323030079001,2023-03-25 17:50:00
1471526,1,43123030153001,43323030080001,2023-03-26 04:00:00
1471527,1,43123030153001,46023030025001,2023-03-26 04:05:00
1471532,1,31122050002001,43323030035001,2023-03-22 20:00:00
1471569,1,43123020023001,43122090219001,2023-03-25 16:30:00
1471592,1,28000001476001,44523030033001,2023-03-31 10:21:01
1471595,1,43323030004001,43123020023001,2023-03-24 20:00:00
1471658,1,28000001480001,28000001464001,2023-03-21 19:00:01
1471673,1,44023030036001,43123030253001,2023-03-23 17:30:00
1471675,1,31122050002001,43323030088001,2023-03-23 18:00:00
1471681,1,31122050002001,43323030093001,2023-03-24 23:18:00
1471687,1,31122050002001,43323030093001,2023-03-24 23:26:00
1471691,1,31122050002001,43323030093001,2023-03-24 23:30:00
1471694,1,31122050002001,43323030098001,2023-03-24 23:36:00
1471715,1,31122050002001,43323030098001,2023-03-25 13:00:00
1471718,1,31122050002001,43323030100001,2023-03-26 08:00:00
1471721,1,31122050002001,43323030100001,2023-03-26 12:00:00
1471724,1,31122050002001,43323030100001,2023-03-27 08:00:00
1471733,1,44623030007001,43123030220001,2023-03-28 11:30:00
1471782,1,31122050002001,43323030103001,2023-03-28 08:00:00
1471785,1,31122050002001,43323030103001,2023-03-29 07:50:00
1471791,1,31122050002001,43323030106001,2023-03-30 03:30:00
1471797,1,43123030253001,44023030035001,2023-03-23 18:00:00
1471880,1,30022080221001,30022080214001,2023-03-27 00:00:00
1471883,1,30022080221001,43123020151001,2023-03-28 00:00:00
1471884,1,30022080229001,30022080222001,2023-03-28 00:00:00
1471885,1,43121120163001,43123030277001,2023-03-29 18:00:00
1471885,1,43223020023001,43123030277001,2023-03-29 18:00:00
1471896,1,31122050002001,28100001484001,2023-03-28 04:00:00
1471898,1,31122050002001,43123030281001,2023-03-28 06:00:00
1471930,1,28100001485005,28100001483001,2023-03-26 10:00:00
1471948,1,44023030023001,44623030007001,2023-03-28 16:30:00
1471948,1,44023030030001,44623030007001,2023-03-28 16:30:00
1471949,1,44623030007001,30023030036001,2023-03-28 16:31:00
1471964,1,44023030017001,43323030085001,2023-03-30 22:00:00
1471982,1,28000001488001,44523030041001,2023-03-31 18:37:01
1471983,1,31122050002001,43323030117001,2023-03-30 03:30:00
1472015,1,44023030040001,43123030200001,2023-03-31 02:00:00
1472030,1,30020070068001,43123030309001,2023-03-29 12:00:00
1472049,1,43223020023001,46023030032001,2023-03-29 19:00:00
1472049,1,43121120163001,46023030032001,2023-03-29 19:00:00
1472135,1,31122050002001,43323030117001,2023-03-31 18:00:00
1472136,1,31122050002001,43323030098001,2023-03-31 18:00:00
1472142,1,43222120008001,43123030322001,2023-03-31 11:30:00
1472152,1,43222120008001,43123030324001,2023-03-31 12:30:00
1472163,1,31122050002001,43323030098001,2023-03-31 23:00:00
1472164,1,31122050002001,43323030130001,2023-03-31 23:30:00
1472239,1,30022080059001,43222120031001,2023-03-31 23:50:00
1472318,1,43123030281001,28100001500001,2023-03-31 19:30:00
1472320,1,31122050002001,28000001490001,2023-03-31 20:00:00
1472326,1,30022080242001,43123030322001,2023-03-31 12:00:00
1472337,1,43222120008001,43123030356001,2023-03-27 14:30:00
1472343,1,43223010008001,30021120046001,2023-03-31 22:00:00
1472351,1,43123010038001,30021120046001,2023-03-31 23:00:00
1472367,1,43123010038001,43323020039001,2023-03-31 22:00:00
1472367,1,43223010008001,43323020039001,2023-03-31 22:00:00
1472381,1,44023030044001,43123030200001,2023-04-03 17:45:00
1472390,1,30023030036001,30023030037001,2023-04-03 16:25:00
1472398,1,28100001500005,30023030040001,2023-04-04 19:00:00
1472443,1,13022080239001,43323040004001,2023-04-04 15:00:00
1472443,1,13022080243001,43323040004001,2023-04-04 15:00:00
1472443,1,13022080240001,43323040004001,2023-04-04 15:00:00
1472443,1,13022080241001,43323040004001,2023-04-04 15:00:00
1472443,1,13022080241002,43323040004001,2023-04-04 15:00:00
1472443,1,13022080242001,43323040004001,2023-04-04 15:00:00
1472443,1,13022080244001,43323040004001,2023-04-04 15:00:00
1472443,1,13022080245001,43323040004001,2023-04-04 15:00:00
1472453,1,30023030036001,43123030220001,2023-04-03 23:00:00
1472461,1,43123030281001,28100001500004,2023-04-02 07:30:00
1472462,1,43123030281001,28100001500003,2023-04-02 07:30:00
1472502,1,43123010038001,30022100046001,2023-04-05 01:45:00
1472633,1,43323030015001,30023030041001,2023-04-06 22:30:00
1472635,1,31122050002001,43323030130001,2023-04-04 10:00:00
1472636,1,31122050002001,43323030130001,2023-04-05 03:30:00
1472643,1,31122050002001,43323030130001,2023-04-05 22:33:00
1472648,1,31122050002001,43323030130001,2023-04-06 08:00:00
1472651,1,31122050002001,43323040019001,2023-04-06 04:30:00
1472656,1,31122050002001,43323040019001,2023-04-06 22:00:00
1472662,1,31122050002001,43323040019001,2023-04-07 08:00:00
1472669,1,31122050002001,43323040019001,2023-04-07 16:30:00
1472697,1,31122050002001,43323040019001,2023-04-07 22:00:00
1472715,1,31122050002001,43323040019001,2023-04-08 11:00:00
1472733,1,44023030046001,43123040056001,2023-04-08 06:30:00
1472733,1,44023030017001,43123040056001,2023-04-08 06:30:00
1472733,1,44023030047001,43123040056001,2023-04-08 06:30:00
1472751,1,28100001515006,30023030040001,2023-04-07 10:00:00
1472767,1,28100001500005,30023040012001,2023-04-10 23:30:00
1472870,1,44623040002001,43123040055001,2023-04-10 15:00:00
1472924,1,31122050002001,43323040019001,2023-04-11 09:00:00
1472942,1,44623040002001,43123040055001,2023-04-11 16:15:00
1473027,1,44023040001001,43123030200001,2023-04-12 17:30:00
1473032,1,31122050002001,43323040036001,2023-04-11 21:30:00
1473038,1,31122050002001,43323040036001,2023-04-12 16:00:00
1473204,1,31122050002001,43323040036001,2023-04-13 13:00:00
1473230,1,44623040002001,43123040082001,2023-04-12 16:30:00
1473248,1,44623040002001,43123040094001,2023-04-13 16:00:00
1473251,1,31122050002001,43323040036001,2023-04-13 16:00:00
1473273,1,31122050002001,43323040036001,2023-04-13 23:00:00
1473275,1,44623040002001,43123040082001,2023-04-13 23:30:00
1473315,1,31122050002001,43323040036001,2023-04-14 23:50:00
1473332,1,31122050002001,43323030130001,2023-04-14 11:00:00
1473382,1,28200001527001,30023040020001,2023-04-15 16:01:00
1473383,1,28000001528001,30023040021001,2023-04-14 14:01:00
1473384,1,28100001526006,28100001515009,2023-04-15 09:00:00
1473392,1,31122050002001,28000001525001,2023-04-15 21:10:00
1473395,1,31122050002001,28100001526001,2023-04-15 21:10:00
1473422,1,31122050002001,43323030130001,2023-04-14 20:20:00
1473425,1,31122050002001,43323030130001,2023-04-14 21:00:00
1473487,1,43323030079001,43223010034001,2023-04-14 23:30:00
1473516,1,31122050002001,43323030130001,2023-04-15 01:30:00
1473522,1,28200001504001,43123040174001,2023-04-14 23:20:00
1473534,1,31122050002001,43323040076001,2023-04-15 19:00:00
1473540,1,31122050002001,43323040076001,2023-04-16 06:00:00
1473541,1,31122050002001,43323040079001,2023-04-16 06:00:00
1473544,1,44623040002001,43123040177001,2023-04-17 12:40:00
1473547,1,43323040079001,43223040001001,2023-04-16 12:00:00
1473619,1,31122050002001,43323030130001,2023-04-15 23:00:00
1473624,1,44023040014001,44623040008001,2023-04-18 04:10:00
1473625,1,44023040014001,31123040002001,2023-04-18 04:10:00
1473629,1,43322050097001,43123040174001,2023-04-17 14:00:00
1473630,1,43123040174001,30023040028001,2023-04-17 15:00:00
1473634,1,31122050002001,43123040176001,2023-04-17 13:00:00
1473736,1,43322050097001,43323030130001,2023-04-18 10:35:00
1473740,1,31122050002001,43323030130001,2023-04-18 11:00:00
1473760,1,31122050002001,43323040101001,2023-04-19 13:05:00
1473815,1,31122050002001,43323040101001,2023-04-19 08:00:00
1473902,1,44023040025001,43123040077001,2023-04-19 23:51:00
1473902,1,44023040031001,43123040077001,2023-04-19 23:51:00
1473903,1,44023040031001,44023040029001,2023-04-19 23:55:00
1473936,1,31122050002001,43323040101001,2023-04-20 08:10:00
1473956,1,31122050002001,43323040101001,2023-04-20 10:00:00
1473969,1,28000001537001,28000001535001,2023-04-20 08:30:01
1473980,1,43122110211001,43123040238001,2023-04-20 08:00:00
1474010,1,28100001500005,28100001531001,2023-04-15 10:00:00
1474011,1,28100001500005,28100001531002,2023-04-15 10:00:00
1474068,1,28200001542001,28200001541002,2023-04-20 09:00:01
1474070,1,28200001543001,44523040037001,2023-04-20 09:30:01
1474070,2,28200001543001,28200001541002,2023-04-20 09:30:01
1474106,1,31122050002001,43323040101001,2023-04-21 22:40:00
1474121,1,31122050002001,43323040101001,2023-04-21 22:45:00
1474122,1,31122050002001,43323040139001,2023-04-21 22:45:00
1474124,1,31122050002001,43323040139001,2023-04-21 22:40:00
1474140,1,28000001544001,44523040040001,2023-04-01 13:34:01
1474165,1,31122050002001,43323040146001,2023-04-21 23:45:00
1474171,1,31122050002001,43323040146001,2023-04-22 21:00:00
1474176,1,31122050002001,43323040146001,2023-04-22 23:20:00
1474195,1,31122050002001,30022080081001,2023-04-21 21:00:00
1474199,1,31122050002001,30022080081001,2023-04-21 21:00:00
1474207,1,43323040101001,43123040274001,2023-04-22 00:00:00
1474284,1,43322050097001,43323040158001,2023-04-23 17:02:00
1474294,1,31122050002001,43323040158001,2023-04-22 23:56:00
1474296,1,43322050097001,43323040019001,2023-04-23 13:00:00
1474562,1,43123030281001,43123040286001,2023-04-25 20:00:00
1474584,1,30022100027001,43123040329001,2023-04-25 09:00:00
1474591,1,43123040329001,43323040184001,2023-04-27 04:50:00
1474937,1,28100001557003,28100001554001,2023-04-28 09:30:00
1474939,1,28100001557003,28200001555001,2023-04-28 09:30:00
1475035,1,28200001558001,28200001549001,2023-04-30 15:01:00
1475037,1,28200001558001,43323040088001,2023-04-30 15:05:00
1475085,1,28200001545001,43123040301001,2023-04-30 18:00:00
1475211,1,28200001548001,44023040053001,2023-05-03 15:00:00
1475212,1,28200001546001,43123040301001,2023-05-03 15:00:00
1475240,1,43223020023001,43223010034001,2023-05-03 13:20:00
1475399,1,30022080076001,43123050032001,2023-05-03 11:52:00
1475400,1,30022080076001,43123050033001,2023-05-03 14:30:00
1475403,1,30022080076001,46023040054001,2023-05-03 14:35:00
1475699,1,43323030015001,43123050064001,2023-05-05 13:00:00
1475704,1,13022080471001,43323050036001,2023-05-08 20:00:00
1475704,1,13022080471002,43323050036001,2023-05-08 20:00:00
1475704,1,13022080472001,43323050036001,2023-05-08 20:00:00
1475704,1,13022080472002,43323050036001,2023-05-08 20:00:00
1475704,1,13022080472003,43323050036001,2023-05-08 20:00:00
1475704,1,13022080473001,43323050036001,2023-05-08 20:00:00
1475704,1,13022080473002,43323050036001,2023-05-08 20:00:00
1475704,1,13022080474001,43323050036001,2023-05-08 20:00:00
1475704,1,13022080474002,43323050036001,2023-05-08 20:00:00
1475704,1,13022080474003,43323050036001,2023-05-08 20:00:00
1475704,1,13022080474004,43323050036001,2023-05-08 20:00:00
1475766,1,43122120164001,43123050076001,2023-05-09 14:38:00
1475771,1,43122120164001,46023040054001,2023-05-09 16:00:00
1476057,1,28200001562001,43323050011001,2023-05-06 18:00:00
1476059,1,28200001562001,43323050040001,2023-05-06 18:05:00
1476084,1,44023050018001,44023050015001,2023-05-09 17:00:00
1476143,1,44023050020001,44023050018001,2023-05-10 11:00:00
1476210,1,44623050008001,43123050159001,2023-05-10 05:00:00
1476296,1,43123050076001,43323050065001,2023-05-13 21:00:00
1476337,1,44023050015001,43123050177001,2023-05-11 16:00:00
1476337,1,44023050018001,43123050177001,2023-05-11 16:00:00
1476337,1,44023050020001,43123050177001,2023-05-11 16:00:00
1476444,1,30022080134001,30022080180001,2023-05-17 10:45:00
1476445,1,30022080134001,30022080191001,2023-05-17 10:45:00
1476589,1,43323050065001,43123030108001,2023-05-19 10:20:00
1476601,1,44023050010001,43123040417001,2023-05-12 12:00:00
1476636,1,43122120164001,30023050019001,2023-05-17 09:00:00
1476648,1,30023050019001,43323050093001,2023-05-20 14:00:00
1477308,1,43323050093001,30023050024001,2023-05-26 21:40:00
1477365,1,44023050046001,43123050324001,2023-05-25 03:00:00
1477491,1,44023050047001,43123050296001,2023-05-25 22:40:00
1477533,1,44023050049001,44023050047001,2023-05-26 19:03:00
1477622,1,44023050052001,44023050049001,2023-05-27 01:36:00
1477662,1,44623050040001,44623050045001,2023-05-30 16:16:00
1478180,1,44023060005001,44023050057001,2023-06-03 23:32:00
1478223,1,44023050052001,43123060073001,2023-06-05 17:20:00
1478223,1,44023060005001,43123060073001,2023-06-05 17:20:00
1478233,1,44623050045001,44623050055001,2023-06-05 09:00:00
1478234,1,44623050055001,30023060009001,2023-06-05 09:01:00
1478312,1,44023060003001,43123050385001,2023-06-07 17:30:00
1479167,1,44623060012001,44623060020001,2023-06-29 01:30:00
1479270,1,44023060015001,43123060209001,2023-06-30 18:00:00
1479275,1,44623060028001,43123060269001,2023-06-30 21:00:00
1479460,1,44623060025001,43123070036001,2023-07-05 18:59:00
1479924,1,44623070008001,43123070110001,2023-07-12 19:30:00
1480011,1,43122040133001,43323070018001,2023-07-19 16:00:00
1480012,1,43122040133001,46023040014001,2023-07-19 16:05:00
1480014,1,44623070011001,30023070012001,2023-07-13 17:35:00
1480015,1,44623070011001,30023070011001,2023-07-13 17:35:00
1480016,1,44623070011001,43123070139001,2023-07-13 17:38:00
1480127,1,44023060027001,43123070024001,2023-07-18 17:00:00
1480241,1,43323070018001,43223070039001,2023-07-25 11:00:00
1480243,1,43323070018001,46023050013001,2023-07-25 11:35:00
1480269,1,30022080137001,43222120032001,2023-07-25 16:30:00
1480278,1,43323070018001,43223070040001,2023-07-26 14:30:00
1480311,1,44023060027001,43123070142001,2023-07-25 18:00:00
1480384,1,44023070013001,43123070024001,2023-07-24 20:20:00
1480392,1,44023070013001,44023060027001,2023-07-25 18:01:00
1480460,1,44023060027001,30023070018001,2023-07-25 23:00:00
1480521,1,43122040133001,30022080214001,2023-07-19 14:05:00
1480522,1,43122040133001,30022080213001,2023-07-19 14:10:00
1480590,1,30022080214001,43323070029001,2023-07-31 14:00:00
1480591,1,30022080214001,30020100006001,2023-07-31 18:00:00
1480690,1,43223070040001,43223070057001,2023-07-27 17:00:00
1480692,1,43223070057001,43223070039001,2023-07-28 10:30:00
1480701,1,44023070022001,44823070061001,2023-07-28 16:00:00
1480740,1,43123060269001,43123070258001,2023-07-31 15:00:00
1480741,1,43123060269001,43123070253001,2023-07-31 23:56:00
1480743,1,44023060027001,44023070002001,2023-07-31 23:00:00
1480744,1,44023060027001,44823070061001,2023-07-31 23:00:00
1480836,1,30022080064001,43222120002001,2023-08-03 20:30:00
1481012,1,44823070061001,43123080052001,2023-08-03 19:40:00
1481046,1,44623070008001,30023080004001,2023-08-03 21:40:00
1481100,1,44023080005001,43123040077001,2023-08-07 23:31:00
1481166,1,44023060027001,44023070002001,2023-08-08 23:50:00
1481437,1,30022080137001,43222120032001,2023-08-16 14:30:00
1481439,1,30022080137001,43123060261001,2023-08-16 14:30:00
1481483,1,44023080017001,44023080001001,2023-08-11 20:01:00
1481572,1,44023080019001,44023070024001,2023-08-17 02:15:00
1481614,1,44623080018001,30023080016001,2023-08-18 02:00:00
1481790,1,44623080018001,44623070008001,2023-08-22 14:20:00
1482035,1,44023060023001,43323080040001,2023-08-24 16:00:00
1482155,1,44023080027001,43123080269001,2023-08-29 09:00:00
1482291,1,44023080027001,44023070002001,2023-08-30 18:03:00
1482384,1,44023080017001,44023080001001,2023-09-02 03:00:00
1482655,1,44023080027001,44023070002001,2023-09-05 20:00:00
1482931,1,44023090006001,43123090109001,2023-09-13 02:30:00
1482931,1,44023090009001,43123090109001,2023-09-13 02:30:00
1483220,1,13022080540001,43323090017001,2023-09-26 18:00:00
1483220,1,13022080543001,43323090017001,2023-09-26 18:00:00
1483220,1,13022080541001,43323090017001,2023-09-26 18:00:00
1483220,1,13022080542001,43323090017001,2023-09-26 18:00:00
1483220,1,13022080544001,43323090017001,2023-09-26 18:00:00
1483220,1,13022080545001,43323090017001,2023-09-26 18:00:00
1483264,1,44623090012001,43123090172001,2023-09-20 19:03:00
1483283,1,44623090012001,44623080021001,2023-09-21 15:30:00
1483300,1,44023090014001,44823090028001,2023-09-22 22:00:00
1483366,1,44623090015001,43123090189001,2023-09-26 09:00:00
1483368,1,44623090013001,43123090190001,2023-09-26 09:00:00
1483473,1,43123090190001,43123060073001,2023-09-29 18:00:00
1483474,1,43123090190001,43123050385001,2023-09-29 18:00:00
1483508,1,44623090017001,30023090009001,2023-10-02 16:56:00
1484219,1,30022080085001,43123100106001,2023-10-18 18:00:00
1484341,1,44623100010001,44623080021001,2023-10-13 19:28:00
1484405,1,30022080085001,43323090011001,2023-10-19 13:00:00
1484706,1,44623100003001,30023070012001,2023-10-26 23:00:00
1484713,1,44623100003001,43123100187001,2023-10-25 22:30:00
1484713,1,44623090017001,43123100187001,2023-10-25 22:30:00
1484863,1,43122020096001,43123100105001,2023-10-25 09:00:00
1484882,1,44623090017001,43123100187001,2023-10-26 20:00:00
1484900,1,44023100021001,44023100018001,2023-10-30 13:30:00
1485660,1,44623100003001,44623100024001,2023-11-09 19:44:00
1485718,1,44623100024001,43123110066001,2023-11-11 18:00:00
1485759,1,44623110022001,44623110001001,2023-11-13 21:31:00
1486501,1,44023110024001,43123110183001,2023-11-27 13:30:00
1486501,1,44023110035001,43123110183001,2023-11-27 13:30:00
1486673,1,44623110030001,43123110214001,2023-11-30 14:30:00
1486683,1,44623110050001,44623110004001,2023-11-30 12:00:00
1486683,1,44623110047001,44623110004001,2023-11-30 12:00:00
1486779,1,44623110022001,30023110011001,2023-11-30 18:00:00
1486929,1,44623110030001,30023120002001,2023-12-01 21:25:00
1486932,1,44623110030001,44823120002001,2023-12-04 15:02:00
1486947,1,44023110040001,30023110011001,2023-12-05 08:00:00
1486948,1,44023110040001,44023110010001,2023-12-05 08:00:00
1486949,1,44023110017001,44023110040001,2023-12-06 00:10:00
1486999,1,44023110041001,44023100022001,2023-12-06 01:30:00
1487038,1,43123090109001,43123120030001,2023-12-06 13:40:00
1487038,1,44623100017001,43123120030001,2023-12-06 13:40:00
1487117,1,44023110031001,43123120053001,2023-12-07 08:00:00
1487143,1,43122020096001,43123120022001,2023-12-07 09:00:00
1487158,1,43122020096001,43123120020001,2023-12-12 09:00:00
1487382,1,44623120004001,43123120087001,2023-12-13 11:45:00
1487400,1,44623120004001,44823120019001,2023-12-13 22:50:00
1487465,1,44623120004001,44823120019001,2023-12-14 13:18:00
1487727,1,43123090109001,44023120012001,2023-12-19 11:10:00
1487735,1,43123090109001,44023120016001,2023-12-20 13:40:00
1487806,1,44023120018001,43123120156001,2023-12-21 23:30:00
1487806,1,44023120019001,43123120156001,2023-12-21 23:30:00
1487919,1,44023120016001,30023120007001,2023-12-27 04:00:00
1487920,1,44023120016001,30023120008001,2023-12-27 04:20:00
1487953,1,44023120022001,43123120156001,2023-12-27 16:30:00
1487953,1,44023120023001,43123120156001,2023-12-27 16:30:00
1487953,1,44023120024001,43123120156001,2023-12-27 16:30:00
1487975,1,44023110041001,43123120191001,2023-12-27 12:00:00
1488002,1,44023120012001,43223120023001,2023-12-27 00:40:00
1488003,1,44023120012001,46023110019001,2023-12-27 00:45:00
1488065,1,44023100014001,30023120012001,2023-12-28 16:00:00
1488077,1,44623120021001,43124010001001,2024-01-03 11:20:00
1488104,1,44623120021001,43124010003001,2024-01-04 10:00:00
1488487,1,30023120008001,44023120011001,2024-01-08 12:20:00
1488554,1,44023110041001,30023120012001,2024-01-11 09:50:00
1488555,1,30023120012001,30024010008001,2024-01-11 09:51:00
1488607,1,30023110011001,43123120156001,2024-01-12 01:00:00
1488765,1,44023110005001,30024010008001,2024-01-17 12:00:00
1488842,1,44623120010001,44623110044001,2024-01-17 14:30:00
1488908,1,44024010010001,44024010009001,2024-01-19 00:05:00
1489632,1,31122050004001,43124020005001,2024-02-01 13:00:00
1489673,1,44024020001001,44023120008001,2024-02-02 11:00:00
1489792,1,44024020001001,43124020030001,2024-02-08 18:00:00
1490253,1,43123030309001,31122050004001,2024-02-13 14:40:00
1490353,1,30022080215001,43324020013001,2024-02-19 18:00:00
1490358,1,44024010022001,30024020011001,2024-02-19 18:00:00
1490386,1,30022080215001,46023110019001,2024-02-21 14:40:00
1490419,1,44023110013001,44023110040001,2024-02-20 03:15:00
1490420,1,44023110013001,30024020011001,2024-02-20 03:15:00
1490481,1,44024020012001,43124020130001,2024-02-20 22:16:00
1490519,1,44024010001001,43124020131001,2024-02-21 20:00:00
1490631,1,44024020015001,43223070012001,2024-02-22 14:10:00
1490632,1,44024020015001,30023060005001,2024-02-22 14:25:00
1490633,1,44024020015001,43124020174001,2024-02-22 14:30:00
1490818,1,44024020017001,43124020206001,2024-02-26 18:00:00
1490818,1,44024020021001,43124020206001,2024-02-26 18:00:00
1490956,1,44024020022001,44024010013001,2024-02-27 13:00:00
1490973,1,44024020026001,43124020240001,2024-02-29 16:55:00
1490973,1,31122050004001,43124020240001,2024-02-29 16:55:00
1491074,1,30022080215001,43124010054001,2024-02-29 09:00:00
1491075,1,30022080215001,43121050269001,2024-02-29 09:10:00
1491094,1,43123030309001,43124020240001,2024-03-01 13:00:00
1491167,1,44024020026001,43124020235001,2024-03-05 07:00:00
1491233,1,44024030001001,43124020065001,2024-03-05 15:30:00
1491243,1,43124020240001,43124030026001,2024-03-06 10:40:00
1491249,1,44024030003001,30024030003001,2024-03-06 20:50:00
1491274,1,44023110040001,30024020023001,2024-03-06 04:01:00
1491321,1,43124020240001,44824030008001,2024-03-08 21:57:00
1491361,1,44524030009002,28100001569003,2024-03-09 09:00:00
1491831,1,28200001574001,30024030005001,2024-03-06 23:02:00
1491901,1,30024030003001,43124030139001,2024-03-12 01:00:00
1491901,1,44024030003001,43124030139001,2024-03-12 01:00:00
1491901,1,28200001576002,43124030139001,2024-03-12 01:00:00
1491901,1,43123030309001,43124030139001,2024-03-12 01:00:00
1491912,1,28200001576002,30024020003001,2024-03-13 03:41:00
1491920,1,28200001576002,43124030140001,2024-03-13 13:00:00
1491939,1,28200001576003,43124030141001,2024-03-13 22:00:00
1491946,1,28200001576003,30024030011001,2024-03-13 22:01:00
1492016,1,28200001588001,28200001576001,2024-03-17 23:00:00
1492017,1,28200001589001,28200001588003,2024-03-17 23:00:00
1492018,1,28200001590001,28200001589003,2024-03-17 23:00:00
1492042,1,28200001576003,30024030011001,2024-03-14 00:10:00
1492044,1,28200001576003,43124030146001,2024-03-14 00:11:00
1492055,1,28200001588002,28200001576005,2024-03-17 23:40:00
1492142,1,28200001576002,43124030179001,2024-03-16 04:30:00
1492142,1,28200001576003,43124030179001,2024-03-16 04:30:00
1492144,1,44024030024001,44024030011001,2024-03-16 06:30:00
1492161,1,43124030179001,43124030139001,2024-03-16 16:03:00
1492161,1,31122050004001,43124030139001,2024-03-16 16:03:00
1492181,1,44024030011001,43123030200001,2024-03-19 17:00:00
1492233,1,44024030034001,44024030027001,2024-03-21 17:10:00
1492337,1,28200001579001,43124030212001,2024-03-23 18:00:00
1492337,1,28200001577001,43124030212001,2024-03-23 18:00:00
1492559,1,44024030042001,43124030171001,2024-03-26 13:15:00
1492748,1,28100001604002,44524030018005,2024-03-24 22:10:00
1492880,1,28000001611001,28000001609001,2024-03-26 05:00:01
1493180,1,44024030062001,44524030018006,2024-03-26 15:20:00
1492590,1,28200001603001,28200001591003,2024-03-29 19:30:00
1492791,1,44024030014001,44024030050001,2024-03-29 15:03:00
1492807,1,44024030031001,44024030050001,2024-03-29 12:20:00
1493041,1,44024030043001,30024030030001,2024-03-31 10:30:00
1493439,1,44024030027001,30024040003001,2024-04-04 14:30:00
1493440,1,30024040003001,30024030019001,2024-04-04 14:38:00
1494201,1,44024030048001,30024040014001,2024-04-11 09:00:00
1494296,1,28100001638001,28100001635003,2024-04-07 18:35:00
1494297,1,28100001638003,30024040015001,2024-04-07 18:40:00
1494309,1,28100001639001,28100001635003,2024-04-07 19:10:00
1494312,1,28100001639004,43124040158001,2024-04-07 19:30:00
1494313,1,28100001639003,43124040154001,2024-04-07 19:30:00
1494314,1,28100001639003,30024040016001,2024-04-07 19:31:00
1494315,1,28100001639003,30024040015001,2024-04-07 19:32:00
1494363,1,44524040021009,44524030057002,2024-04-07 20:40:00
1494364,1,44524040021009,43124040172001,2024-04-07 20:42:00
1494394,1,43124040172001,28100001635003,2024-04-08 06:00:00
1494794,1,44624040035001,43124040129001,2024-04-16 18:13:00
1494805,1,44624040035001,30024040017001,2024-04-16 23:30:00
1494823,1,44624040035001,30024040023001,2024-04-17 09:51:00
1494969,1,44024040054001,43124040272001,2024-04-17 23:30:00
1494969,1,44024040032001,43124040272001,2024-04-17 23:30:00
1495055,1,44024040055001,44024040028001,2024-04-20 08:06:00
1495074,1,44024040028001,43124040291001,2024-04-20 17:20:00
1495075,1,43124040291001,30024040025001,2024-04-20 17:21:00
1495086,1,44024040056001,44024040055001,2024-04-21 11:05:00
1495087,1,44024040056001,30024040025001,2024-04-21 11:06:00
1495088,1,44024040055001,30024040026001,2024-04-21 11:06:00
1495099,1,44624040035001,44824040041001,2024-04-20 21:15:00
1495239,1,28200001692001,44524040059001,2024-04-18 10:30:01
1495239,2,28200001692001,28200001691001,2024-04-18 10:30:01
1495258,1,44524040061010,43224040045001,2024-04-21 22:01:00
1495261,1,43224040045001,43224040046001,2024-04-21 22:02:00
1495314,1,44024040056001,30024040025001,2024-04-23 03:00:00
1495314,1,30024040026001,30024040025001,2024-04-23 03:00:00
1495515,1,44024040064001,30024040032001,2024-04-25 12:15:00
1495631,1,44024030062001,43124040391001,2024-04-19 18:00:00
1495877,1,44024030062001,43324040163001,2024-04-24 20:01:00
1495940,1,44024040062001,43124040455001,2024-04-23 15:00:00
1495940,1,31122050004001,43124040455001,2024-04-23 15:00:00
1495816,1,44024040070001,44024040065001,2024-04-30 16:59:00
1495934,1,44024040072001,44024040034001,2024-04-28 23:07:00
1495941,1,44024040062001,30024040014001,2024-04-25 22:30:00
1496194,1,44024030062001,43324040163001,2024-04-26 18:30:00
1496242,1,44024030062001,43124040476001,2024-04-29 18:00:00
1496350,1,28200001664003,44024040002001,2024-04-30 08:00:00
1496351,1,28200001664003,44024040002001,2024-04-30 08:00:00
1496354,1,28200001664003,44024040030001,2024-04-30 08:00:00
1496355,1,28200001664003,28200001679001,2024-04-30 08:00:00
1496472,1,28200001716001,28200001687002,2024-04-27 18:00:01
1496522,1,44024030062001,28100001714001,2024-04-30 14:00:00
1496523,1,44024030062001,28100001712001,2024-04-30 14:00:00
1496524,1,44024030062001,28100001713001,2024-04-30 14:00:00
1496525,1,44024030062001,28100001713001,2024-04-30 14:01:00
1496528,1,44024040075001,44024040065001,2024-04-30 23:57:00
1496531,1,44024040028001,44024040065001,2024-04-30 15:00:00
1496532,1,44024040028001,44024040004001,2024-04-30 15:01:00
1496533,1,44024040028001,44024040065001,2024-04-30 23:58:00
1496591,1,44024040075001,44024040065001,2024-05-03 10:04:00
1496613,1,44024040075001,44024040065001,2024-05-04 06:38:00
1496642,1,44624040035001,43124050005001,2024-05-06 12:12:00
1496706,1,44024050006001,44024050004001,2024-05-07 04:45:00
1496717,1,44624040035001,43124050005001,2024-05-07 11:16:00
1496737,1,44024050006001,44024050004001,2024-05-08 07:15:00
1496742,1,44024040014001,43124050021001,2024-05-07 16:15:00
1496742,1,44624040035001,43124050021001,2024-05-07 16:15:00
1496764,1,44624040035001,43124050015001,2024-05-08 01:30:00
1496768,1,44624040035001,43124050016001,2024-05-08 11:15:00
1496771,1,44624040035001,43124040457001,2024-05-08 12:15:00
1496771,1,31122050004001,43124040457001,2024-05-08 12:15:00
1496773,1,44624040035001,43124050021001,2024-05-08 15:45:00
1496780,1,44024050006001,44024050004001,2024-05-08 13:10:00
1496815,1,44024050006001,44024050004001,2024-05-10 07:08:00
1496830,1,43124050021001,43124030171001,2024-05-09 19:15:00
1496840,1,44624040035001,30024050002001,2024-05-10 05:30:00
1496847,1,43124050021001,30024050003001,2024-05-10 22:31:00
1496859,1,44524040021009,44524040061008,2024-04-30 21:00:00
1496860,1,44524040021009,44524040061001,2024-04-30 22:00:00
1496938,1,44024040014001,43124050045001,2024-05-13 12:00:00
1496939,1,44024040014001,30024040014001,2024-05-13 12:01:00
1497449,1,28200001731001,44524050016001,2024-05-11 23:55:01
1497449,2,28200001731001,44524050016002,2024-05-11 23:55:01
1497449,3,28200001731001,44524050016003,2024-05-11 23:55:01
1497929,1,28000001733001,28100001719001,2024-05-06 23:00:01
1498465,1,44024040028001,30024040014001,2024-05-17 01:10:00
1498853,1,44024050032001,43224040078001,2024-05-29 22:00:00
1499037,1,44024050041001,43124060005001,2024-06-06 23:52:00
1499051,1,43124040455001,43224060007001,2024-06-04 12:00:00
1499052,1,43124040455001,43124060012001,2024-06-04 12:00:00
1499081,1,43124060012001,30024060002001,2024-06-05 01:30:00
1499103,1,44024050030001,43124060016001,2024-06-07 00:10:00
1499104,1,44024050030001,43124040002001,2024-06-07 00:11:00
1499191,1,44024050035001,44024060005001,2024-06-10 18:00:00
1499191,1,44024060002001,44024060005001,2024-06-10 18:00:00
1499240,1,44024050041001,43124060039001,2024-06-11 16:30:00
1499240,1,43124060005001,43124060039001,2024-06-11 16:30:00
1499703,1,44524040040007,44524040016001,2024-05-31 20:00:00
1499704,1,44524040040007,43124050470001,2024-05-31 20:00:00
1500377,1,44024060013001,43124060039001,2024-06-28 10:20:00
1500377,1,44024060015001,43124060039001,2024-06-28 10:20:00
1500437,1,43124060039001,43124050460001,2024-06-30 22:50:00
1500438,1,43124060039001,43124060274001,2024-06-30 22:51:00
1500439,1,43124060039001,44024010013001,2024-06-30 23:56:00
1500440,1,43124060039001,43124030171001,2024-06-30 23:59:00
1501246,1,44024050027001,44024050023001,2024-07-11 17:10:00
1501325,1,44024070011001,43124060039001,2024-07-18 02:45:00
1501412,1,44024050023001,43123110183001,2024-07-20 00:21:00
1501722,1,43124060039001,43124070274001,2024-07-23 15:20:00
1501943,1,43124060039001,43124070322001,2024-07-30 17:10:00
1501951,1,43124060039001,43124070321001,2024-07-30 17:30:00
1502026,1,43124060039001,43124070341001,2024-07-31 12:50:00
1502317,1,44024060012001,43124080005001,2024-08-05 11:00:00
1502317,1,44024070026001,43124080005001,2024-08-05 11:00:00
1502390,1,43124060039001,43124070342001,2024-08-01 13:20:00
1502592,1,43124060039001,43124080034001,2024-08-05 12:45:00
1502771,1,44024080007001,43124080005001,2024-08-09 02:00:00
1502880,1,44624070028001,43124080116001,2024-08-13 16:35:00
1502880,1,44624080012001,43124080116001,2024-08-13 16:35:00
1502893,1,44024080004001,44024070017001,2024-08-13 18:19:00
1502984,1,44624080012001,30024080016001,2024-08-14 04:48:00
1503016,1,44624080012001,30024080016001,2024-08-14 12:15:00
1503018,1,44624080012001,43124080116001,2024-08-14 12:40:00
1503073,1,44624080012001,43124080116001,2024-08-14 17:50:00
1503093,1,44624080012001,43124080138001,2024-08-14 19:38:00
1503158,1,44624080016001,43124080104001,2024-08-20 05:00:00
1503336,1,44624070028001,43124080214001,2024-08-21 16:10:00
1503336,1,44624080016001,43124080214001,2024-08-21 16:10:00
1503367,1,43124080116001,43124080086001,2024-08-21 12:00:00
1503388,1,43124060039001,43124080196001,2024-08-22 17:10:00
1503394,1,44024070030001,46024040051001,2024-08-23 11:00:00
1503397,1,44024070030001,43124080217001,2024-08-23 11:00:00
1503472,1,44624080016001,30024080036001,2024-08-22 04:30:00
1503514,1,44624080026001,43124080214001,2024-08-22 21:40:00
1503516,1,44624080026001,30024080036001,2024-08-22 23:40:00
1503536,1,43124060039001,43124080200001,2024-08-26 16:31:00
1503570,1,43124060039001,43124080200001,2024-08-27 11:30:00
1503581,1,44624080026001,43124080214001,2024-08-23 14:00:00
1503605,1,44624070028001,44624080026001,2024-08-27 02:50:00
1503683,1,44624080028001,43124080266001,2024-08-27 15:40:00
1503685,1,44624080028001,43124080254001,2024-08-27 16:30:00
1503708,1,44624080028001,44624080032001,2024-08-28 16:46:00
1503729,1,43124080214001,30024080037001,2024-08-28 13:41:00
1503771,1,44624080032001,43124080288001,2024-08-29 11:40:00
1503782,1,44024080024001,43124080005001,2024-08-30 02:00:00
1503826,1,44024070030001,43124080228001,2024-08-28 11:00:00
1503853,1,44024070030001,44024070020001,2024-08-29 21:45:00
1503893,1,44624080032001,43124080336001,2024-08-30 20:55:00
1504023,1,44624080032001,30024080037001,2024-09-03 22:00:00
1504131,1,44624080032001,43124090031001,2024-09-05 17:32:00
1504247,1,43124060039001,43124080209001,2024-09-05 13:00:00
1504249,1,43124060039001,43124080209001,2024-09-05 17:55:00
1504314,1,44024090005001,43124080005001,2024-09-06 13:40:00
1504591,1,31122050004001,43124090045001,2024-09-09 10:55:00
1504593,1,44624080032001,43124090063001,2024-09-09 10:35:00
1504593,1,31122050004001,43124090063001,2024-09-09 10:35:00
1504609,1,44624080032001,43124090107001,2024-09-09 17:43:00
1504658,1,44624080036001,44824090015001,2024-09-10 00:30:00
1504674,1,44624080036001,43124090107001,2024-09-10 10:00:00
1504709,1,43124060039001,43124090130001,2024-09-23 17:30:00
1504711,1,43124060039001,43124090129001,2024-09-23 17:30:00
1504725,1,44024080022001,44024070020001,2024-09-11 01:27:00
1504773,1,13024040435001,43324090018001,2024-09-25 17:20:00
1504773,1,13024040432001,43324090018001,2024-09-25 17:20:00
1504773,1,13024040437001,43324090018001,2024-09-25 17:20:00
1504773,1,13024040433001,43324090018001,2024-09-25 17:20:00
1504773,1,13024040434001,43324090018001,2024-09-25 17:20:00
1504773,1,13024040436001,43324090018001,2024-09-25 17:20:00
1504773,1,13024040438001,43324090018001,2024-09-25 17:20:00
1504773,1,13024040439001,43324090018001,2024-09-25 17:20:00
1504773,1,13024040440001,43324090018001,2024-09-25 17:20:00
1504773,1,13024040441001,43324090018001,2024-09-25 17:20:00
1504829,1,44624080032001,44624080036001,2024-09-11 11:40:00
1504868,1,43124060039001,43124090147001,2024-09-26 12:00:00
1504928,1,44624080036001,43124090169001,2024-09-13 15:00:00
1504973,1,44624080036001,43124090167001,2024-09-23 17:30:00
1504976,1,44624080036001,43124090118001,2024-09-23 21:15:00
1505133,1,44624090015001,43124080086001,2024-09-24 17:48:00
1505146,1,44624090019001,44624090020001,2024-09-25 11:40:00
1505176,1,44024080025001,44024070017001,2024-09-26 06:05:00
1505178,1,44624090012001,30024090032001,2024-09-26 04:20:00
1505007,1,43124060039001,43124090147001,2024-09-27 16:30:00
1505190,1,44624080036001,30024090031001,2024-09-26 18:30:00
1505213,1,44624080031001,43124090239001,2024-09-27 00:55:00
1505213,1,44624080036001,43124090239001,2024-09-27 00:55:00
1505233,1,44624080036001,43124090239001,2024-09-27 14:25:00
1505235,1,44624080036001,43124090238001,2024-09-27 14:45:00
1505471,1,44624090015001,30024100002001,2024-10-03 03:11:00
1505484,1,13024040450001,43324100003001,2024-10-03 15:30:00
1505484,1,13024040443001,43324100003001,2024-10-03 15:30:00
1505484,1,13024040444001,43324100003001,2024-10-03 15:30:00
1505484,1,13024040445001,43324100003001,2024-10-03 15:30:00
1505484,1,13024040446001,43324100003001,2024-10-03 15:30:00
1505484,1,13024040455001,43324100003001,2024-10-03 15:30:00
1505484,1,13024040448001,43324100003001,2024-10-03 15:30:00
1505484,1,13024040449001,43324100003001,2024-10-03 15:30:00
1505484,1,13024040451001,43324100003001,2024-10-03 15:30:00
1505484,1,13024040452001,43324100003001,2024-10-03 15:30:00
1505484,1,13024040453001,43324100003001,2024-10-03 15:30:00
1505484,1,13024040454001,43324100003001,2024-10-03 15:30:00
1505484,1,13024040456001,43324100003001,2024-10-03 15:30:00
1505484,1,13024040457001,43324100003001,2024-10-03 15:30:00
1505484,1,13024040458001,43324100003001,2024-10-03 15:30:00
1505484,1,13024040462001,43324100003001,2024-10-03 15:30:00
1505484,1,13024040460001,43324100003001,2024-10-03 15:30:00
1505484,1,13024040461001,43324100003001,2024-10-03 15:30:00
1505484,1,13024040469001,43324100003001,2024-10-03 15:30:00
1505519,1,13024040469001,43324090018001,2024-10-04 09:10:00
1505519,1,13024040467001,43324090018001,2024-10-04 09:10:00
1505519,1,13024040468001,43324090018001,2024-10-04 09:10:00
1505519,1,13024040466001,43324090018001,2024-10-04 09:10:00
1505550,1,44624100001001,43124100017001,2024-10-03 23:30:00
1505554,1,44024100006001,43124090172001,2024-10-03 23:55:00
1505649,1,30024100002001,43124080086001,2024-10-04 17:00:00
1505681,1,44024100006001,43124100060001,2024-10-08 17:10:00
1505883,1,44024080037001,30024090034001,2024-10-09 02:00:00
1505935,1,44624100020001,43124100127001,2024-10-09 16:03:00
1506024,1,44024020014001,43124080151001,2024-10-14 14:15:00
1506205,1,44624100020001,43124100193001,2024-10-14 20:00:00
1506255,1,44624090020001,43124100202001,2024-10-16 04:10:00
1506300,1,44624100027001,43124080086001,2024-10-16 19:55:00
1506307,1,44624100020001,43124100201001,2024-10-16 12:20:00
1506309,1,44624100027001,43124100205001,2024-10-16 13:20:00
1506351,1,44624100027001,43124100222001,2024-10-17 12:00:00
1506523,1,44024100009001,43124100253001,2024-10-22 07:30:00
1506523,1,44024100024001,43124100253001,2024-10-22 07:30:00
1506544,1,44624100027001,43124100254001,2024-10-22 16:00:00
1506723,1,44024090017001,30024100021001,2024-10-25 23:00:00
1506893,1,44024100054001,43124100253001,2024-10-29 01:25:00
1507064,1,43124100253001,43124100314001,2024-11-04 16:40:00
1507066,1,43124100253001,43124100313001,2024-11-04 17:00:00
1507068,1,43124100253001,43124100314001,2024-11-05 10:50:00
1507226,1,43124100253001,43124110004001,2024-11-08 17:00:00
1507494,1,43124100253001,44024100038001,2024-11-07 16:50:00
1507851,1,44624080031001,43124110179001,2024-11-14 17:30:00
1507851,1,44624110001001,43124110179001,2024-11-14 17:30:00
1507851,1,44024110013001,43124110179001,2024-11-14 17:30:00
1507919,1,44024110013001,30024110013001,2024-11-15 11:35:00
1508000,1,43124110179001,43124110216001,2024-11-15 16:00:00
1508000,1,44024110013001,43124110216001,2024-11-15 16:00:00
1508010,1,43124110216001,43124100323001,2024-11-18 09:05:00
1508127,1,44024110013001,43124110192001,2024-11-18 16:35:00
1508131,1,44024110013001,30024110017001,2024-11-18 17:10:00
1508134,1,43124110216001,43124100323001,2024-11-18 23:30:00
1508182,1,44024110007001,43124060039001,2024-11-19 15:35:00
1508186,1,43123030309001,44824110025001,2024-11-19 23:50:00
1508188,1,30024030030001,43124110260001,2024-11-20 04:55:00
1508188,1,44624110006001,43124110260001,2024-11-20 04:55:00
1508188,1,44624100046001,43124110260001,2024-11-20 04:55:00
1508188,1,44024110013001,43124110260001,2024-11-20 04:55:00
1508219,1,44624090020001,43124110264001,2024-11-21 03:20:00
1508219,1,44624110006001,43124110264001,2024-11-21 03:20:00
1508219,1,44024110013001,43124110264001,2024-11-21 03:20:00
1508223,1,44624100046001,30024070079001,2024-11-20 18:00:00
1508227,1,44624100046001,30024070079001,2024-11-21 23:00:00
1508259,1,44024110013001,43124110264001,2024-11-21 12:35:00
1508278,1,44024110013001,43124110264001,2024-11-21 15:55:00
1508280,1,44624110030001,43124110268001,2024-11-21 21:35:00
1508283,1,43124110264001,43124110282001,2024-11-22 05:50:00
1508290,1,43124110282001,43124100323001,2024-11-22 20:30:00
1508298,1,44624110030001,30024110021001,2024-11-22 11:40:00
1508302,1,44624110030001,30024110021001,2024-11-22 13:20:00
1508304,1,44024110028001,43124110289001,2024-11-22 16:57:00
1508304,1,44024110011001,43124110289001,2024-11-22 16:57:00
1508304,1,44024110013001,43124110289001,2024-11-22 16:57:00
1508306,1,44624110029001,43124110290001,2024-11-22 22:35:00
1508306,1,44624090020001,43124110290001,2024-11-22 22:35:00
1508306,1,44624110030001,43124110290001,2024-11-22 22:35:00
1508311,1,44624110021001,43124110291001,2024-11-23 01:40:00
1508311,1,44624110030001,43124110291001,2024-11-23 01:40:00
1508434,1,44624110030001,43124110290001,2024-11-25 14:40:00
1508436,1,44624110030001,43124110291001,2024-11-25 14:41:00
1508463,1,44624110006001,44624110030001,2024-11-26 10:10:00
1508463,1,44024110013001,44624110030001,2024-11-26 10:10:00
1508464,1,44624110030001,30024110024001,2024-11-27 19:13:00
1508504,1,44624110021001,43124110332001,2024-11-27 01:00:00
1508504,1,44024110031001,43124110332001,2024-11-27 01:00:00
1508504,1,44024110020001,43124110332001,2024-11-27 01:00:00
1508504,1,44024110013001,43124110332001,2024-11-27 01:00:00
1508588,1,43124110290001,43124100323001,2024-11-26 18:15:00
1508593,1,43124110290001,30024110027001,2024-11-26 21:56:00
1508604,1,43124110289001,44824110036001,2024-11-27 21:10:00
1508607,1,44824110036001,44824110037001,2024-11-27 21:12:00
1508648,1,44024110011001,43124110351001,2024-11-28 00:30:00
1508648,1,44024110024001,43124110351001,2024-11-28 00:30:00
1508648,1,44024110013001,43124110351001,2024-11-28 00:30:00
1508635,1,30024110024001,43124100323001,2024-11-28 17:15:00
1508641,1,43124110291001,30024110027001,2024-11-28 17:16:00
1508641,1,30024110024001,30024110027001,2024-11-28 17:16:00
1508704,1,44824110037001,44824110039001,2024-11-29 14:25:00
1508706,1,44024110013001,44824110039001,2024-11-29 14:25:00
1508711,1,44824110039001,43124110360001,2024-11-30 15:00:00
1508713,1,44024110013001,44824110039001,2024-11-30 15:05:00
1508718,1,43124110260001,30024030030001,2024-11-30 16:00:00
1508743,1,43124110360001,30024110028001,2024-11-30 19:00:00
1508744,1,44024110024001,30024110029001,2024-11-30 20:00:00
1508753,1,44624080031001,44624090004001,2024-12-03 18:00:00
1508863,1,44024120006001,43124120023001,2024-12-03 23:20:00
1508863,1,44024110040001,43124120023001,2024-12-03 23:20:00
1508920,1,43124110351001,44824120002001,2024-12-03 16:35:00
1508921,1,44824120002001,44824120003001,2024-12-03 16:36:00
1508926,1,44024110013001,44824120003001,2024-12-04 13:10:00
1508948,1,44824110039001,43124100323001,2024-12-05 17:00:00
1508949,1,44824110039001,43124110260001,2024-12-05 17:01:00
1509194,1,44624080031001,30024120007001,2024-12-03 18:01:00
1509233,1,44824120003001,43124100323001,2024-12-05 17:00:00
1509234,1,44824120003001,44024120007001,2024-12-06 00:50:00
1509259,1,44624120011001,43124120108001,2024-12-06 22:15:00
1509259,1,44624120014001,43124120108001,2024-12-06 22:15:00
1509260,1,44624120011001,43124120107001,2024-12-07 00:20:00
1509260,1,44624120014001,43124120107001,2024-12-07 00:20:00
1509260,1,44024120003001,43124120107001,2024-12-07 00:20:00
1509269,1,44024120015001,30024120008001,2024-12-09 13:25:00
1509292,1,44624120011001,43124120117001,2024-12-10 02:10:00
1509292,1,44024120015001,43124120117001,2024-12-10 02:10:00
1509294,1,44624120011001,43124120118001,2024-12-10 03:15:00
1509294,1,44024120015001,43124120118001,2024-12-10 03:15:00
1509334,1,43124120108001,43124100323001,2024-12-10 12:30:00
1509367,1,43124120117001,43124120133001,2024-12-10 23:50:00
1509367,1,44024120020001,43124120133001,2024-12-10 23:50:00
1509416,1,44624100046001,43124110257001,2024-12-12 01:30:00
1509417,1,44624100046001,43124060039001,2024-12-12 01:30:00
1509418,1,44624100046001,30024070042001,2024-12-12 01:31:00
1509475,1,43124120133001,43124100323001,2024-12-12 19:00:00
1509550,1,44624110017001,43124120150001,2024-12-18 16:00:00
1509617,1,44624110021001,43324120019001,2024-12-18 01:30:00
1509618,1,44624110021001,43324120020001,2024-12-18 01:31:00
1509748,1,44024120023001,43124120214001,2024-12-18 14:45:00
1509750,1,44624120009001,44624120027001,2024-12-18 16:30:00
1509750,1,44024120023001,44624120027001,2024-12-18 16:30:00
1509759,1,44624110017001,43324120021001,2024-12-19 02:35:00
1509759,1,43124120023001,43324120021001,2024-12-19 02:35:00
1509760,1,44624110017001,43324120021001,2024-12-19 02:36:00
1509760,1,43124120023001,43324120021001,2024-12-19 02:36:00
1509794,1,44624110021001,43324120021001,2024-12-20 11:30:00
1509794,1,43124120023001,43324120021001,2024-12-20 11:30:00
1509795,1,44624110021001,43324120021001,2024-12-20 11:32:00
1509795,1,43124120023001,43324120021001,2024-12-20 11:32:00
1509805,1,44024120031001,43124120235001,2024-12-19 23:50:00
1509805,1,44024120017001,43124120235001,2024-12-19 23:50:00
1509814,1,44624120027001,43124100323001,2024-12-20 13:20:00
1509817,1,44024120029001,30024120013001,2024-12-20 22:00:00
1509994,1,44024120003001,30024120013001,2024-12-23 20:00:00
1509994,1,44024120023001,30024120013001,2024-12-23 20:00:00
1510118,1,44624110017001,43224120011001,2024-12-30 12:30:00
1510175,1,43124060039001,43124120238001,2024-12-27 12:40:00
1510184,1,44624110017001,43224120011001,2024-12-30 10:30:00
1510190,1,30024120013001,44824120025001,2024-12-31 20:00:00
1510191,1,44824120025001,44824120026001,2024-12-31 22:10:00
1510239,1,44024120042001,30024120017001,2024-12-31 23:30:00
1510241,1,44024120023001,30024120019001,2024-12-31 23:30:00
1510466,1,30022080222001,30024070091001,2024-12-31 18:00:00
1510467,1,30022080222001,30024070094001,2024-12-31 18:00:00
1510468,1,30022080222001,30024070092001,2024-12-31 18:00:00
